ID,Title,Status,Priority,Created At
1,test task 1,completed,high,2026-02-22 20:24:01.081295
2,Api test,pending,high,2026-02-22 20:24:01.081314
3,Imported 1,pending,high,2026-02-22 20:24:01.081317
4,Imported 2,pending,low,2026-02-22 20:24:01.081319
5,Imported 1,pending,high,2026-02-22 20:24:01.081321
6,Imported 2,pending,low,2026-02-22 20:24:01.081324
7,Imported 1,pending,high,2026-02-22 20:24:01.081326
8,Imported 2,pending,low,2026-02-22 20:24:01.081328
9,Newtask,pending,medium,2026-02-22 20:24:01.081330
